{
  "table": {
    "text_only": {
      "match": 12,
      "partial": 5,
      "unmatched": 5,
      "total": 22,
      "match_pct": 54.54545454545454,
      "soft_match_pct": 77.27272727272727
    },
    "caption_only": {
      "match": 13,
      "partial": 4,
      "unmatched": 5,
      "total": 22,
      "match_pct": 59.09090909090909,
      "soft_match_pct": 77.27272727272727
    },
    "vision_only": {
      "match": 11,
      "partial": 4,
      "unmatched": 7,
      "total": 22,
      "match_pct": 50.0,
      "soft_match_pct": 68.18181818181817
    },
    "multimodal": {
      "match": 13,
      "partial": 3,
      "unmatched": 6,
      "total": 22,
      "match_pct": 59.09090909090909,
      "soft_match_pct": 72.72727272727273
    }
  },
  "plot": {
    "text_only": {
      "match": 6,
      "partial": 5,
      "unmatched": 8,
      "total": 19,
      "match_pct": 31.57894736842105,
      "soft_match_pct": 57.89473684210527
    },
    "caption_only": {
      "match": 7,
      "partial": 3,
      "unmatched": 9,
      "total": 19,
      "match_pct": 36.84210526315789,
      "soft_match_pct": 52.63157894736842
    },
    "vision_only": {
      "match": 6,
      "partial": 5,
      "unmatched": 8,
      "total": 19,
      "match_pct": 31.57894736842105,
      "soft_match_pct": 57.89473684210527
    },
    "multimodal": {
      "match": 5,
      "partial": 5,
      "unmatched": 9,
      "total": 19,
      "match_pct": 26.31578947368421,
      "soft_match_pct": 52.63157894736842
    }
  },
  "schematic": {
    "text_only": {
      "match": 4,
      "partial": 2,
      "unmatched": 3,
      "total": 9,
      "match_pct": 44.44444444444444,
      "soft_match_pct": 66.66666666666666
    },
    "caption_only": {
      "match": 5,
      "partial": 1,
      "unmatched": 3,
      "total": 9,
      "match_pct": 55.55555555555556,
      "soft_match_pct": 66.66666666666666
    },
    "vision_only": {
      "match": 4,
      "partial": 2,
      "unmatched": 3,
      "total": 9,
      "match_pct": 44.44444444444444,
      "soft_match_pct": 66.66666666666666
    },
    "multimodal": {
      "match": 5,
      "partial": 1,
      "unmatched": 3,
      "total": 9,
      "match_pct": 55.55555555555556,
      "soft_match_pct": 66.66666666666666
    }
  },
  "other": {
    "text_only": {
      "match": 0,
      "partial": 0,
      "unmatched": 0,
      "total": 0,
      "match_pct": 0,
      "soft_match_pct": 0
    },
    "caption_only": {
      "match": 0,
      "partial": 0,
      "unmatched": 0,
      "total": 0,
      "match_pct": 0,
      "soft_match_pct": 0
    },
    "vision_only": {
      "match": 0,
      "partial": 0,
      "unmatched": 0,
      "total": 0,
      "match_pct": 0,
      "soft_match_pct": 0
    },
    "multimodal": {
      "match": 0,
      "partial": 0,
      "unmatched": 0,
      "total": 0,
      "match_pct": 0,
      "soft_match_pct": 0
    }
  }
}