{
  "factual": {
    "text_only": {
      "match": 4,
      "partial": 13,
      "unmatched": 35,
      "total": 52,
      "match_pct": 7.6923076923076925,
      "soft_match_pct": 32.69230769230769
    },
    "multimodal": {
      "match": 17,
      "partial": 11,
      "unmatched": 24,
      "total": 52,
      "match_pct": 32.69230769230769,
      "soft_match_pct": 53.84615384615385
    }
  },
  "conceptual": {
    "text_only": {
      "match": 13,
      "partial": 11,
      "unmatched": 17,
      "total": 41,
      "match_pct": 31.70731707317073,
      "soft_match_pct": 58.536585365853654
    },
    "multimodal": {
      "match": 24,
      "partial": 9,
      "unmatched": 8,
      "total": 41,
      "match_pct": 58.536585365853654,
      "soft_match_pct": 80.48780487804879
    }
  },
  "omission": {
    "text_only": {
      "match": 0,
      "partial": 1,
      "unmatched": 14,
      "total": 15,
      "match_pct": 0.0,
      "soft_match_pct": 6.666666666666667
    },
    "multimodal": {
      "match": 4,
      "partial": 3,
      "unmatched": 8,
      "total": 15,
      "match_pct": 26.666666666666668,
      "soft_match_pct": 46.666666666666664
    }
  }
}