{
  "factual": {
    "text_only": {
      "match": 7,
      "partial": 9,
      "unmatched": 36,
      "total": 52,
      "match_pct": 13.461538461538462,
      "soft_match_pct": 30.76923076923077
    },
    "caption_only": {
      "match": 13,
      "partial": 7,
      "unmatched": 32,
      "total": 52,
      "match_pct": 25.0,
      "soft_match_pct": 38.46153846153847
    },
    "vision_only": {
      "match": 15,
      "partial": 6,
      "unmatched": 31,
      "total": 52,
      "match_pct": 28.846153846153843,
      "soft_match_pct": 40.38461538461539
    },
    "multimodal": {
      "match": 18,
      "partial": 8,
      "unmatched": 26,
      "total": 52,
      "match_pct": 34.61538461538461,
      "soft_match_pct": 50.0
    }
  },
  "conceptual": {
    "text_only": {
      "match": 11,
      "partial": 16,
      "unmatched": 14,
      "total": 41,
      "match_pct": 26.82926829268293,
      "soft_match_pct": 65.85365853658537
    },
    "caption_only": {
      "match": 21,
      "partial": 10,
      "unmatched": 10,
      "total": 41,
      "match_pct": 51.21951219512195,
      "soft_match_pct": 75.60975609756098
    },
    "vision_only": {
      "match": 15,
      "partial": 10,
      "unmatched": 16,
      "total": 41,
      "match_pct": 36.58536585365854,
      "soft_match_pct": 60.97560975609756
    },
    "multimodal": {
      "match": 24,
      "partial": 4,
      "unmatched": 13,
      "total": 41,
      "match_pct": 58.536585365853654,
      "soft_match_pct": 68.29268292682927
    }
  },
  "omission": {
    "text_only": {
      "match": 0,
      "partial": 7,
      "unmatched": 8,
      "total": 15,
      "match_pct": 0.0,
      "soft_match_pct": 46.666666666666664
    },
    "caption_only": {
      "match": 0,
      "partial": 7,
      "unmatched": 8,
      "total": 15,
      "match_pct": 0.0,
      "soft_match_pct": 46.666666666666664
    },
    "vision_only": {
      "match": 4,
      "partial": 3,
      "unmatched": 8,
      "total": 15,
      "match_pct": 26.666666666666668,
      "soft_match_pct": 46.666666666666664
    },
    "multimodal": {
      "match": 5,
      "partial": 3,
      "unmatched": 7,
      "total": 15,
      "match_pct": 33.33333333333333,
      "soft_match_pct": 53.333333333333336
    }
  }
}