{
  "factual": {
    "text_only": {
      "match": 7,
      "partial": 9,
      "unmatched": 36,
      "total": 52,
      "match_pct": 13.461538461538462,
      "soft_match_pct": 30.76923076923077
    },
    "caption_only": {
      "match": 14,
      "partial": 6,
      "unmatched": 32,
      "total": 52,
      "match_pct": 26.923076923076923,
      "soft_match_pct": 38.46153846153847
    },
    "vision_only": {
      "match": 15,
      "partial": 7,
      "unmatched": 30,
      "total": 52,
      "match_pct": 28.846153846153843,
      "soft_match_pct": 42.30769230769231
    },
    "multimodal": {
      "match": 18,
      "partial": 8,
      "unmatched": 26,
      "total": 52,
      "match_pct": 34.61538461538461,
      "soft_match_pct": 50.0
    }
  },
  "conceptual": {
    "text_only": {
      "match": 11,
      "partial": 16,
      "unmatched": 14,
      "total": 41,
      "match_pct": 26.82926829268293,
      "soft_match_pct": 65.85365853658537
    },
    "caption_only": {
      "match": 20,
      "partial": 12,
      "unmatched": 9,
      "total": 41,
      "match_pct": 48.78048780487805,
      "soft_match_pct": 78.04878048780488
    },
    "vision_only": {
      "match": 15,
      "partial": 10,
      "unmatched": 16,
      "total": 41,
      "match_pct": 36.58536585365854,
      "soft_match_pct": 60.97560975609756
    },
    "multimodal": {
      "match": 23,
      "partial": 6,
      "unmatched": 12,
      "total": 41,
      "match_pct": 56.09756097560976,
      "soft_match_pct": 70.73170731707317
    }
  },
  "omission": {
    "text_only": {
      "match": 0,
      "partial": 7,
      "unmatched": 8,
      "total": 15,
      "match_pct": 0.0,
      "soft_match_pct": 46.666666666666664
    },
    "caption_only": {
      "match": 0,
      "partial": 5,
      "unmatched": 10,
      "total": 15,
      "match_pct": 0.0,
      "soft_match_pct": 33.33333333333333
    },
    "vision_only": {
      "match": 4,
      "partial": 3,
      "unmatched": 8,
      "total": 15,
      "match_pct": 26.666666666666668,
      "soft_match_pct": 46.666666666666664
    },
    "multimodal": {
      "match": 4,
      "partial": 4,
      "unmatched": 7,
      "total": 15,
      "match_pct": 26.666666666666668,
      "soft_match_pct": 53.333333333333336
    }
  }
}